Date,Open,High,Low,Close,Volume
2023-11-29,339.69000244140625,339.8999938964844,330.7799987792969,332.20001220703125,16024500.0
2017-07-24,164.63999938964844,166.1699981689453,164.30999755859375,166.0,17367000.0
2015-08-05,95.25,97.08999633789062,95.18000030517578,96.44000244140624,29813200.0
2021-04-27,304.2799987792969,305.3399963378906,301.1099853515625,303.57000732421875,15309300.0
2016-02-29,107.5999984741211,108.91000366210938,106.75,106.91999816894533,32779000.0
2015-02-02,76.11000061035156,76.13999938964844,73.75,74.98999786376953,41955300.0
2018-10-30,139.94000244140625,146.63999938964844,139.74000549316406,146.22000122070312,50528300.0
2018-08-09,185.8500061035156,186.57000732421875,182.47999572753903,183.08999633789065,19732100.0
2016-10-13,128.2100067138672,128.25,126.75,127.81999969482422,17139300.0
2024-09-30,567.7000122070312,574.6799926757812,564.7999877929688,572.4400024414062,12792300.0
2018-10-09,157.69000244140625,160.58999633789062,157.4199981689453,157.89999389648438,18844400.0
2014-02-12,64.91999816894531,65.05999755859375,64.05000305175781,64.44999694824219,47282100.0
2014-05-27,61.619998931884766,63.5099983215332,61.56999969482422,63.47999954223633,55682000.0
2016-07-14,117.5,117.63999938964844,116.6999969482422,117.29000091552734,14579700.0
2020-02-05,212.5099945068359,212.72999572753903,208.7100067138672,210.11000061035156,12538200.0
2017-11-28,183.5099945068359,184.25,182.08999633789065,182.4199981689453,14379700.0
2024-07-31,471.0199890136719,476.5,466.75,474.8299865722656,24285800.0
2022-08-17,176.75999450683594,178.13999938964844,174.1699981689453,174.85000610351562,20118100.0
2016-06-22,114.6500015258789,114.73999786376952,113.61000061035156,113.91000366210938,14846300.0
2017-04-19,141.35000610351562,143.0399932861328,141.27000427246094,142.27000427246094,15563900.0
2019-08-07,183.6000061035156,186.3699951171875,181.22000122070312,185.1499938964844,15833200.0
2013-09-05,41.790000915527344,42.77000045776367,41.77000045776367,42.65999984741211,50035400.0
2015-03-31,82.9000015258789,83.5,82.20999908447266,82.22000122070312,19734300.0
2021-03-29,285.7699890136719,293.17999267578125,284.70001220703125,290.82000732421875,21718800.0
2023-11-16,329.3699951171875,334.5799865722656,326.3800048828125,334.19000244140625,18932600.0
2016-03-11,108.4800033569336,109.41999816894533,107.91999816894533,109.41000366210938,20697600.0
2014-11-13,74.73999786376953,75.23999786376953,73.63999938964844,74.25,26448500.0
2021-01-20,268.92999267578125,270.32000732421875,263.6000061035156,267.4800109863281,25199900.0
2016-03-29,113.83000183105467,116.31999969482422,113.63999938964844,116.13999938964844,29825300.0
2015-02-19,76.98999786376953,79.83999633789062,76.94999694824219,79.41999816894531,45851200.0
2013-10-31,47.15999984741211,52.0,46.5,50.209999084472656,248809000.0
2022-03-30,228.91000366210935,231.1499938964844,226.7100067138672,227.8500061035156,25588000.0
2023-01-30,149.41000366210938,151.1199951171875,146.9499969482422,147.05999755859375,28040100.0
2019-02-07,168.1999969482422,169.24000549316406,165.25,166.3800048828125,17517600.0
2018-01-24,189.88999938964844,190.66000366210935,186.52000427246097,186.5500030517578,24334500.0
2014-05-13,59.65999984741211,60.88999938964844,59.5099983215332,59.83000183105469,48525000.0
2017-04-13,139.6199951171875,140.5800018310547,139.3300018310547,139.38999938964844,10965600.0
2024-03-18,491.9100036621094,497.4200134277344,486.80999755859375,496.9800109863281,11755300.0
2014-10-23,79.37999725341797,80.62999725341797,79.01000213623047,80.04000091552734,35056000.0
2018-12-17,143.0800018310547,144.9199981689453,138.4199981689453,140.19000244140625,24334000.0
2023-03-16,198.2599945068359,205.7599945068359,196.08999633789065,204.92999267578125,50447100.0
2023-07-28,316.8800048828125,326.20001220703125,314.25,325.4800109863281,39220300.0
2016-02-22,105.48999786376952,108.25,105.33999633789062,107.16000366210938,35709700.0
2014-05-01,60.43000030517578,62.279998779296875,60.209999084472656,61.150001525878906,82429000.0
2025-01-27,626.594970703125,663.8699951171875,625.0999755859375,659.8800048828125,28270122.0
2022-09-09,163.25,169.5399932861328,163.02000427246094,169.14999389648438,22086800.0
2021-04-07,306.3399963378906,314.25,305.5,313.0899963378906,22855200.0
2015-08-19,94.62999725341795,96.0999984741211,94.16000366210938,95.30999755859376,23251300.0
2019-01-15,146.00999450683594,150.67999267578125,145.99000549316406,148.9499969482422,24069000.0
2024-02-12,468.19000244140625,479.1499938964844,466.5799865722656,468.8999938964844,19382000.0
2019-03-11,171.60000610351562,174.3000030517578,171.5800018310547,172.07000732421875,18884000.0
2023-09-07,298.0,307.04998779296875,292.2200012207031,298.6700134277344,33748700.0
2016-12-22,118.86000061035156,118.98999786376952,116.93000030517578,117.4000015258789,16258600.0
2017-05-26,152.22999572753906,152.25,151.14999389648438,152.1300048828125,14996200.0
2015-04-22,84.31999969482422,84.73999786376953,83.6500015258789,84.62999725341797,45548000.0
2020-04-01,161.6199951171875,164.14999389648438,158.0399932861328,159.60000610351562,19507600.0
2014-05-14,59.529998779296875,60.45000076293945,58.95000076293945,59.22999954223633,47429000.0
2012-10-23,19.25,19.799999237060547,19.100000381469727,19.5,78381200.0
2021-08-16,362.5199890136719,366.9500122070313,357.3800048828125,366.55999755859375,11222100.0
2020-07-27,231.4600067138672,234.9499969482422,230.8300018310547,233.5,13163100.0
2021-09-01,379.5899963378906,384.3299865722656,378.80999755859375,382.0499877929687,11567200.0
2014-05-19,57.88999938964844,59.560001373291016,57.56999969482422,59.209999084472656,43034000.0
2022-07-07,169.4499969482422,172.72000122070312,167.77999877929688,172.19000244140625,24083400.0
2021-12-23,330.1000061035156,336.6700134277344,328.3599853515625,335.239990234375,13987700.0
2015-07-09,86.7300033569336,87.5999984741211,85.6500015258789,85.87999725341797,23307400.0
2014-08-21,74.91999816894531,75.19000244140625,74.41000366210938,74.56999969482422,20102000.0
2014-04-15,59.290000915527344,59.68000030517578,55.880001068115234,59.09000015258789,108623000.0
2014-02-20,67.7300033569336,70.11000061035156,65.7300033569336,69.62999725341797,130928900.0
2013-08-19,37.43000030517578,38.279998779296875,37.13999938964844,37.810001373291016,57609600.0
2014-07-18,66.80000305175781,68.45999908447266,66.16000366210938,68.41999816894531,42456000.0
2017-06-05,153.63999938964844,154.7100067138672,153.41000366210938,153.6300048828125,12520400.0
2023-04-19,213.47000122070312,217.3300018310547,212.92999267578125,215.6999969482422,15898100.0
2016-12-14,120.0,121.69000244140624,118.8499984741211,120.20999908447266,25913100.0
2020-07-02,239.0,240.0,232.61000061035156,233.4199981689453,30633600.0
2020-12-22,271.5,271.5,264.6300048828125,267.0899963378906,17312900.0
2023-08-07,313.2300109863281,317.07000732421875,310.4599914550781,316.55999755859375,16236500.0
2015-03-13,78.5999984741211,79.37999725341797,77.68000030517578,78.05000305175781,18557300.0
2012-09-06,18.739999771118164,19.260000228881836,18.719999313354492,18.959999084472656,46066500.0
2024-07-22,486.5799865722656,492.05999755859375,483.8999938964844,487.3999938964844,12023100.0
2016-02-23,106.8499984741211,107.47000122070312,105.12000274658205,105.45999908447266,25319300.0
2015-11-16,103.31999969482422,104.16999816894533,100.47000122070312,104.04000091552734,49309200.0
2022-03-10,194.83999633789065,196.27999877929688,191.07000732421875,195.2100067138672,24853000.0
2014-04-01,60.459999084472656,62.65999984741211,60.2400016784668,62.619998931884766,59291000.0
2023-09-28,298.94000244140625,306.3299865722656,296.70001220703125,303.9599914550781,22167100.0
2022-10-25,130.8800048828125,138.35000610351562,130.58999633789062,137.50999450683594,38433200.0
2022-06-03,195.97999572753903,196.61000061035156,189.77999877929688,190.77999877929688,19465000.0
2022-08-10,175.99000549316406,180.47999572753903,173.9499969482422,178.33999633789062,30262100.0
2024-06-17,501.6700134277344,510.75,496.010009765625,506.6300048828125,11266600.0
2019-04-30,194.19000244140625,197.38999938964844,192.27999877929688,193.3999938964844,23494700.0
2017-08-17,169.33999633789062,169.86000061035156,166.85000610351562,166.91000366210938,17216000.0
2016-11-17,116.80999755859376,117.79000091552734,116.01000213623048,117.79000091552734,18597800.0
2024-10-09,593.989990234375,594.3900146484375,581.6099853515625,590.510009765625,9529700.0
2024-04-16,498.1099853515625,504.7699890136719,497.1099853515625,499.760009765625,9847900.0
2018-08-08,184.75,186.8500061035156,183.7599945068359,185.17999267578125,22205200.0
2012-12-10,27.170000076293945,28.170000076293945,27.100000381469727,27.84000015258789,50608500.0
2017-08-08,171.8800048828125,173.0500030517578,170.6199951171875,171.22999572753906,14393500.0
2019-07-10,200.0,202.9600067138672,199.6699981689453,202.72999572753903,20571700.0
2022-05-05,218.7400054931641,220.1699981689453,206.16000366210935,208.27999877929688,41129200.0
2022-02-22,202.33999633789065,207.47999572753903,200.05999755859375,202.0800018310547,39852400.0
2013-01-11,31.280000686645508,31.959999084472656,31.100000381469727,31.719999313354492,89598000.0
2013-02-20,28.920000076293945,29.049999237060547,28.329999923706055,28.459999084472656,42098200.0
2017-01-25,130.0,131.74000549316406,129.77000427246094,131.47999572753906,18731300.0
2024-08-20,528.3499755859375,531.0900268554688,525.8800048828125,526.72998046875,7944400.0
2017-03-29,141.99000549316406,142.86000061035156,141.42999267578125,142.64999389648438,16527600.0
2020-11-03,263.1600036621094,270.04998779296875,260.8800048828125,265.29998779296875,17961900.0
2020-06-16,237.13999938964844,238.4600067138672,233.0,235.6499938964844,15236700.0
2014-05-09,56.849998474121094,57.650001525878906,56.380001068115234,57.2400016784668,52584000.0
2014-04-04,59.939998626708984,60.20000076293945,56.31999969482422,56.75,125214400.0
2019-08-02,191.1000061035156,192.6199951171875,188.07000732421875,189.02000427246097,15297000.0
2013-01-04,28.010000228881836,28.93000030517578,27.829999923706055,28.760000228881836,72715400.0
2013-05-15,26.920000076293945,26.989999771118164,26.399999618530273,26.600000381469727,30299800.0
2013-11-22,47.040000915527344,47.27000045776367,45.959999084472656,46.22999954223633,40545000.0
2019-06-21,188.75,192.0,188.75,191.13999938964844,22751200.0
2024-02-15,475.2799987792969,488.6199951171875,472.2200012207031,484.0299987792969,24212300.0
2013-05-14,26.88999938964844,27.280000686645508,26.81999969482422,27.06999969482422,24930300.0
2024-03-04,503.0,504.4200134277344,496.4200134277344,498.19000244140625,12324100.0
2023-05-05,232.2400054931641,234.67999267578125,229.8500061035156,232.77999877929688,26978900.0
2016-06-16,113.87000274658205,114.5,112.94000244140624,114.38999938964844,19236300.0
2024-03-14,500.260009765625,501.3500061035156,488.1600036621094,491.8299865722656,12620000.0
2023-05-31,260.0,265.0,258.45001220703125,264.7200012207031,25473700.0
2024-05-14,463.3699951171875,472.5400085449219,460.0799865722656,471.8500061035156,10478600.0
2017-04-11,140.8000030517578,141.02999877929688,138.80999755859375,139.9199981689453,16638100.0
2017-12-04,176.2899932861328,176.57000732421875,170.7899932861328,171.47000122070312,24459400.0
2015-11-04,103.19000244140624,104.13999938964844,102.4800033569336,103.94000244140624,43469300.0
2014-05-30,63.95000076293945,64.16999816894531,62.560001373291016,63.29999923706055,45253500.0
2020-09-10,275.510009765625,279.1600036621094,267.0299987792969,268.0899963378906,24814700.0
2013-08-26,40.900001525878906,41.939998626708984,40.619998931884766,41.34000015258789,94162400.0
2013-10-07,50.72999954223633,51.290000915527344,50.400001525878906,50.52000045776367,57204000.0
2013-01-22,29.75,30.88999938964844,29.739999771118164,30.729999542236328,55243300.0
2017-11-07,180.5,180.75,178.9600067138672,180.25,12928200.0
2012-07-24,28.81999969482422,29.450000762939453,28.100000381469727,28.450000762939453,11539800.0
2016-11-18,118.38999938964844,119.12999725341795,116.83999633789062,117.0199966430664,22879300.0
2014-02-05,62.7400016784668,63.15999984741211,61.27000045776367,62.189998626708984,51685100.0
2020-06-04,229.55999755859375,231.6300048828125,224.61000061035156,226.2899932861328,17041500.0
2023-04-26,212.5,214.11000061035156,208.8800048828125,209.3999938964844,41992700.0
2022-09-21,146.38999938964844,149.60000610351562,142.0,142.1199951171875,38338600.0
2014-01-02,54.83000183105469,55.220001220703125,54.189998626708984,54.709999084472656,43195500.0
2022-09-29,139.36000061035156,139.83999633789062,135.1999969482422,136.41000366210938,38985400.0
2024-05-29,474.6600036621094,479.8500061035156,473.7000122070313,474.3599853515625,9226200.0
2017-08-14,170.08999633789062,171.0800018310547,169.2899932861328,170.75,12954200.0
2023-12-15,331.989990234375,338.6600036621094,331.2200012207031,334.9200134277344,30001600.0
2018-01-22,180.8000030517578,185.38999938964844,180.41000366210935,185.3699951171875,21059500.0
2017-07-10,151.69000244140625,153.97999572753906,151.50999450683594,153.5,13378700.0
2022-11-16,114.5,116.08000183105467,112.66000366210938,113.2300033569336,33287800.0
2021-03-25,280.9800109863281,288.05999755859375,277.75,278.739990234375,24505600.0
2019-12-17,198.83999633789065,199.0,196.1300048828125,198.38999938964844,10175700.0
2013-04-19,25.6200008392334,25.959999084472656,25.329999923706055,25.729999542236328,20380900.0
2024-04-04,516.4199829101562,530.0,510.5799865722656,510.9200134277344,26476300.0
2015-04-13,81.93000030517578,83.94000244140625,81.91999816894531,83.01000213623047,26883100.0
2014-11-06,74.88999938964844,75.5999984741211,74.30999755859375,75.26000213623047,21383000.0
2013-05-09,27.079999923706055,27.549999237060547,26.850000381469727,27.040000915527344,33457200.0
2013-02-05,28.260000228881836,28.959999084472656,28.040000915527344,28.63999938964844,47948200.0
2019-12-30,207.86000061035156,207.8999938964844,203.8999938964844,204.41000366210935,10524300.0
2017-02-23,135.88999938964844,136.1199951171875,134.3300018310547,135.36000061035156,18422500.0
2018-07-09,204.92999267578125,205.8000030517578,202.1199951171875,204.7400054931641,18149400.0
2021-06-28,342.4599914550781,358.1400146484375,341.7699890136719,355.6400146484375,29156100.0
2023-04-11,215.47999572753903,216.02000427246097,213.41000366210935,213.8500061035156,16710100.0
2022-01-13,334.9800109863281,335.6300048828125,325.760009765625,326.4800109863281,14797100.0
2013-06-28,24.68000030517578,24.979999542236328,24.420000076293945,24.8799991607666,96778900.0
2017-11-02,180.6300048828125,181.94000244140625,177.33999633789062,178.9199981689453,35529900.0
2014-06-25,65.58000183105469,67.4800033569336,65.56999969482422,67.44000244140625,44308000.0
2019-08-29,183.77000427246097,186.0800018310547,183.47000122070312,185.57000732421875,10128700.0
2016-10-25,133.5,133.5,132.22000122070312,132.2899932861328,13336800.0
2019-02-06,171.1999969482422,172.47000122070312,169.27000427246094,170.49000549316406,13281200.0
2013-06-18,24.09000015258789,24.690000534057617,24.079999923706055,24.209999084472656,36709100.0
2018-05-10,183.1499938964844,186.1300048828125,182.5,185.52999877929688,21071400.0
2019-08-06,183.69000244140625,185.7899932861328,183.08999633789065,184.5099945068359,18035700.0
2013-10-04,49.77000045776367,51.15999984741211,49.56999969482422,51.040000915527344,74447000.0
2019-06-13,175.52999877929688,178.02999877929688,174.61000061035156,177.47000122070312,12253600.0
2014-02-24,68.73999786376953,71.44000244140625,68.54000091552734,70.77999877929688,76620300.0
2019-03-14,169.75999450683594,171.14999389648438,168.16000366210938,170.1699981689453,18037400.0
2012-10-22,19.200000762939453,19.43000030517578,19.049999237060547,19.31999969482422,32447300.0
2020-07-17,241.0,244.16000366210935,237.86000061035156,242.02999877929688,18152400.0
2016-09-28,129.2100067138672,129.47000122070312,128.39999389648438,129.22999572753906,12047600.0
2022-12-21,116.6999969482422,120.33999633789062,115.62000274658205,119.76000213623048,20392800.0
2022-09-20,145.77999877929688,148.83999633789062,145.22000122070312,146.08999633789062,23217400.0
2017-04-07,141.1999969482422,141.5500030517578,140.24000549316406,140.77999877929688,11818300.0
2013-05-30,24.1299991607666,24.780000686645508,23.93000030517578,24.549999237060547,60733200.0
2014-12-26,81.0199966430664,81.27999877929688,80.51000213623047,80.77999877929688,10647400.0
2019-10-10,180.32000732421875,181.61000061035156,179.1699981689453,180.02999877929688,8605000.0
2013-02-06,28.739999771118164,29.290000915527344,28.65999984741211,29.049999237060547,38375900.0
2020-04-15,175.19000244140625,178.19000244140625,172.82000732421875,176.97000122070312,17423000.0
2015-07-01,86.7699966430664,87.94999694824219,86.48999786376953,86.91000366210938,25260000.0
2016-12-29,117.0,117.52999877929688,116.05999755859376,116.3499984741211,9934900.0
2024-02-21,466.5,469.0,461.7900085449219,468.0299987792969,12977100.0
2019-06-28,190.5500030517578,193.1999969482422,189.94000244140625,193.0,16378900.0
2024-05-30,471.6700134277344,471.7300109863281,464.7099914550781,467.0499877929687,10735200.0
2024-11-22,563.5499877929688,563.8300170898438,554.5900268554688,559.1400146484375,9164000.0
2021-04-16,308.1700134277344,308.95001220703125,304.6099853515625,306.17999267578125,13059200.0
2012-11-21,23.219999313354492,24.530000686645508,23.049999237060547,24.31999969482422,89862400.0
2013-04-08,27.190000534057617,27.200000762939453,26.6299991607666,26.850000381469727,27256000.0
2012-07-05,31.31999969482422,31.6299991607666,31.020000457763672,31.469999313354492,10032100.0
2014-03-06,71.87999725341797,71.88999938964844,70.25,70.83999633789062,46026500.0
2023-06-28,284.82000732421875,289.54998779296875,284.05999755859375,285.2900085449219,16722100.0
2024-06-11,500.1600036621094,507.6000061035156,498.2699890136719,507.4700012207031,9673700.0
2017-06-09,154.77000427246094,155.58999633789062,146.61000061035156,149.60000610351562,35577700.0
2021-04-13,312.2099914550781,314.42999267578125,309.32000732421875,309.760009765625,14036900.0
2024-05-17,470.8299865722656,472.7999877929687,468.4200134277344,471.9100036621094,10807300.0
2014-04-25,59.970001220703125,60.0099983215332,57.56999969482422,57.709999084472656,92502000.0
2020-07-01,228.5,239.0,227.55999755859375,237.5500030517578,43399700.0
2020-03-05,186.77999877929688,188.9900054931641,183.88999938964844,185.1699981689453,19333400.0
2017-04-04,141.86000061035156,142.08999633789062,141.27000427246094,141.72999572753906,12948600.0
2016-09-15,127.9800033569336,129.10000610351562,127.66999816894533,128.35000610351562,15077200.0
2017-12-07,175.8000030517578,180.38999938964844,175.8000030517578,180.13999938964844,20404500.0
2016-05-11,120.41000366210938,121.08000183105467,119.41999816894533,119.5199966430664,22038400.0
2015-06-16,80.81999969482422,81.51000213623047,80.44999694824219,81.05999755859375,13693700.0
2017-03-28,140.36000061035156,141.9499969482422,140.00999450683594,141.75999450683594,14679400.0
2023-11-30,331.8900146484375,333.5,322.3999938964844,327.1499938964844,23146400.0
2013-09-13,45.040000915527344,45.08000183105469,43.93000030517578,44.310001373291016,52765300.0
2023-07-12,301.75,309.45001220703125,300.1000061035156,309.3399963378906,36677100.0
2017-03-07,137.02999877929688,138.3699951171875,136.99000549316406,137.3000030517578,13527100.0
2022-12-29,116.4000015258789,121.02999877929688,115.7699966430664,120.26000213623048,22366200.0
2013-07-29,34.06999969482422,35.630001068115234,34.0099983215332,35.43000030517578,124718800.0
2024-04-17,503.1000061035156,503.1600036621094,487.1400146484375,494.1700134277344,12193700.0
2022-07-28,161.05999755859375,161.50999450683594,154.85000610351562,160.72000122070312,73214300.0
2014-02-27,69.33999633789062,70.01000213623047,68.87000274658203,68.94000244140625,41653700.0
2019-07-30,195.38999938964844,198.7100067138672,193.5,197.0399932861328,11903600.0
2024-06-24,499.2000122070313,507.7999877929687,494.2900085449219,498.9100036621094,13525300.0
2013-09-16,44.849998474121094,44.939998626708984,42.43000030517578,42.5099983215332,70424200.0
2015-07-17,92.5500030517578,95.38999938964844,92.54000091552734,94.97000122070312,54001600.0
2018-04-09,157.82000732421875,160.52999877929688,156.0399932861328,157.92999267578125,34915200.0
2020-07-23,239.6300048828125,242.4199981689453,231.75,232.6000061035156,21771800.0
2013-08-13,38.2400016784668,38.31999969482422,36.77000045776367,37.02000045776367,65379200.0
2022-11-25,111.3000030517578,112.7300033569336,111.0199966430664,111.41000366210938,12007600.0
2022-09-13,161.5399932861328,161.6300048828125,152.6699981689453,153.1300048828125,44444100.0
2019-10-11,182.1499938964844,186.4900054931641,182.13999938964844,184.19000244140625,14930500.0
2019-06-14,180.5099945068359,181.83999633789065,180.0,181.3300018310547,16773700.0
2018-07-30,175.3000030517578,175.3000030517578,166.55999755859375,171.05999755859375,65280800.0
2022-01-06,322.82000732421875,339.1700134277344,322.7200012207031,332.4599914550781,27962800.0
2014-12-24,81.02999877929688,81.43000030517578,80.75,80.7699966430664,7685500.0
2016-06-27,111.56999969482422,111.56999969482422,108.2300033569336,108.97000122070312,36130400.0
2015-03-11,77.80000305175781,78.43000030517578,77.26000213623047,77.56999969482422,20215700.0
2021-08-09,363.760009765625,365.7799987792969,360.75,361.6099853515625,7798900.0
2013-11-26,44.65999984741211,46.16999816894531,43.54999923706055,45.88999938964844,82016000.0
2017-09-22,170.2100067138672,171.72999572753906,169.22000122070312,170.5399932861328,12097100.0
2022-11-17,110.41000366210938,112.33000183105467,109.8000030517578,111.4499969482422,35093800.0
2017-10-12,172.61000061035156,173.85000610351562,172.2899932861328,172.5500030517578,10351000.0
2022-06-24,161.72999572753906,170.25,161.3000030517578,170.16000366210938,68736000.0
2024-08-27,518.97998046875,524.010009765625,515.3099975585938,519.0999755859375,6282700.0
2015-07-23,96.95999908447266,97.4499969482422,94.80999755859376,95.44000244140624,29418800.0
2020-11-24,268.489990234375,277.82000732421875,267.8699951171875,276.9200134277344,16930400.0
2022-10-27,97.9800033569336,102.5,96.37999725341795,97.94000244140624,232316600.0
2023-06-27,282.010009765625,289.3500061035156,280.6499938964844,287.04998779296875,26108300.0
2018-08-23,173.08999633789062,175.5500030517578,172.8300018310547,172.89999389648438,18053600.0
2013-09-26,50.0099983215332,50.599998474121094,49.5,50.38999938964844,98220100.0
2019-02-27,162.89999389648438,163.92999267578125,160.41000366210938,162.80999755859375,12697500.0
2014-03-26,64.73999786376953,64.94999694824219,60.369998931884766,60.38999938964844,97503900.0
2020-11-06,293.95001220703125,294.6000061035156,288.05999755859375,293.4100036621094,13891000.0
2016-10-20,130.07000732421875,130.66000366210938,129.5,130.0,13167500.0
2020-08-21,268.69000244140625,270.489990234375,266.4200134277344,267.010009765625,15538600.0
2014-01-14,56.459999084472656,57.779998779296875,56.099998474121094,57.7400016784668,37503600.0
2014-11-19,74.01000213623047,74.54000091552734,73.11000061035156,73.33000183105469,25441200.0
2014-01-27,54.72999954223633,54.939998626708984,51.849998474121094,53.54999923706055,73924100.0
2024-01-04,344.5,348.1499938964844,343.3999938964844,347.1199951171875,12099900.0
2020-04-21,175.25,175.3800048828125,168.33999633789062,170.8000030517578,24850500.0
2015-10-22,97.79000091552734,99.7300033569336,97.5500030517578,99.66999816894533,26392100.0
2014-02-10,64.30000305175781,64.48999786376953,63.470001220703125,63.54999923706055,43666100.0
2013-04-09,26.579999923706055,26.88999938964844,26.420000076293945,26.59000015258789,21311100.0
2023-03-23,202.83999633789065,207.8800048828125,202.1499938964844,204.27999877929688,27389700.0
2019-09-11,186.4600067138672,189.44000244140625,186.0800018310547,188.4900054931641,11761700.0
2014-07-02,68.04000091552734,68.30000305175781,65.79000091552734,66.44999694824219,41895000.0
2017-05-24,148.50999450683594,150.22999572753906,148.4199981689453,150.0399932861328,17862400.0
2018-03-01,179.00999450683594,180.1199951171875,174.41000366210938,175.94000244140625,23201600.0
2014-03-05,69.69000244140625,71.97000122070312,69.62000274658203,71.56999969482422,74567700.0
2016-08-31,125.5999984741211,126.22000122070312,125.0999984741211,126.12000274658205,14200600.0
2020-01-30,206.52999877929688,211.42999267578125,204.75,209.52999877929688,48775500.0
2014-06-12,65.8499984741211,66.47000122070312,64.05999755859375,64.29000091552734,55730000.0
2024-09-18,537.0700073242188,544.2000122070312,533.9000244140625,537.9500122070312,10323500.0
2023-05-19,247.47000122070312,248.69000244140625,243.41000366210935,245.63999938964844,21599800.0
2012-07-03,30.90999984741211,31.440000534057617,30.799999237060547,31.200000762939453,8763600.0
2021-11-01,326.0400085449219,333.45001220703125,326.0,329.9800109863281,31518900.0
2019-11-22,198.3800048828125,199.3000030517578,197.6199951171875,198.82000732421875,9959800.0
2013-04-16,26.809999465942383,27.11000061035156,26.399999618530273,26.920000076293945,27365900.0
2013-05-21,25.8700008392334,26.079999923706055,25.59000015258789,25.65999984741211,26261300.0
2020-06-15,225.08999633789065,233.77000427246097,224.8000030517578,232.5,15340300.0
2016-10-10,129.67999267578125,130.6999969482422,129.1999969482422,130.24000549316406,15138700.0
2012-06-20,31.920000076293945,31.93000030517578,31.149999618530273,31.600000381469727,15553600.0
2014-07-08,65.05999755859375,65.55999755859375,62.209999084472656,62.7599983215332,68926000.0
2023-01-23,139.2899932861328,143.75999450683594,138.66000366210938,143.27000427246094,27470100.0
2018-01-29,188.75,188.83999633789065,185.6300048828125,185.97999572753903,20453200.0
2019-01-02,128.99000549316406,137.50999450683594,128.55999755859375,135.67999267578125,28146200.0
2021-12-28,346.6300048828125,352.7099914550781,345.20001220703125,346.2200012207031,16637600.0
2020-03-11,174.00999450683594,175.8800048828125,167.66000366210938,170.24000549316406,20373900.0
2021-04-28,307.3599853515625,310.9200134277344,305.3699951171875,307.1000061035156,33907200.0
2015-08-21,87.5199966430664,89.18000030517578,85.61000061035156,86.05999755859375,62778700.0
2015-09-14,92.30999755859376,92.62000274658205,91.5999984741211,92.30999755859376,20127900.0
2015-10-26,102.1999969482422,103.80999755859376,101.5500030517578,103.7699966430664,25961200.0
2024-07-17,479.1700134277344,479.1700134277344,459.1199951171875,461.989990234375,28076600.0
2014-03-25,64.88999938964844,66.19000244140625,63.779998779296875,64.88999938964844,68786000.0
2023-05-08,231.4199981689453,235.6199951171875,230.27000427246097,233.27000427246097,16400500.0
2020-12-01,279.1600036621094,289.29998779296875,278.9599914550781,286.54998779296875,20738900.0
2015-09-18,93.1999969482422,95.19000244140624,93.0500030517578,94.4000015258789,62300000.0
2021-11-03,327.489990234375,332.1499938964844,323.20001220703125,331.6199951171875,20786500.0
2023-10-09,312.5,320.3299865722656,311.82000732421875,318.3599853515625,22503700.0
2023-06-12,267.1700134277344,271.75,265.3299865722656,271.04998779296875,15442500.0
2017-12-19,179.9499969482422,180.0800018310547,178.22000122070312,179.50999450683594,14920600.0
2024-07-02,500.760009765625,510.5,499.4500122070313,509.5,7739500.0
2016-11-10,123.93000030517578,124.18000030517578,115.2699966430664,120.8000030517578,67846700.0
2021-05-27,328.0,333.7799987792969,326.760009765625,332.75,20477700.0
2016-09-19,129.91000366210938,129.94000244140625,128.25999450683594,128.64999389648438,14958800.0
2013-03-26,25.079999923706055,25.479999542236328,25.030000686645508,25.209999084472656,26957200.0
2012-11-14,20.100000381469727,22.5,19.93000030517578,22.36000061035156,229751000.0
2023-08-04,314.9599914550781,318.4100036621094,310.20001220703125,310.7300109863281,17600200.0
2016-06-01,118.5,119.08000183105467,117.81999969482422,118.77999877929688,15029500.0
2012-08-01,21.5,21.579999923706055,20.84000015258789,20.8799991607666,44604400.0
2016-10-05,128.25,128.8000030517578,127.83000183105467,128.47000122070312,12386800.0
2014-12-30,79.8499984741211,80.58999633789062,79.0999984741211,79.22000122070312,14370800.0
2015-07-10,87.3499984741211,88.22000122070312,86.7699966430664,87.94999694824219,23245900.0
2024-04-19,502.7999877929687,502.7999877929687,475.7300109863281,481.0700073242187,25111000.0
2014-06-26,68.0,68.0,66.9000015258789,67.12999725341797,47714000.0
2012-09-19,21.989999771118164,23.3700008392334,21.770000457763672,23.290000915527344,78782800.0
2023-10-26,295.0,295.0,279.3999938964844,288.3500061035156,66684100.0
2015-05-22,80.3499984741211,81.30999755859375,80.25,80.54000091552734,19567900.0
2022-04-14,214.88999938964844,214.9900054931641,210.0,210.17999267578125,18379500.0
2016-06-13,115.0,115.4800033569336,113.30999755859376,113.9499969482422,31718200.0
2019-12-04,200.0,200.02999877929688,198.0500030517578,198.7100067138672,8456300.0
2016-09-02,126.8499984741211,126.86000061035156,126.0,126.51000213623048,12118800.0
2020-03-24,155.2100067138672,161.30999755859375,152.57000732421875,160.97999572753906,30440400.0
2023-11-27,336.17999267578125,339.8999938964844,334.20001220703125,334.70001220703125,15684500.0
2018-11-19,137.61000061035156,137.75,131.2100067138672,131.5500030517578,44362700.0
2017-11-17,179.3000030517578,179.97999572753906,178.89999389648438,179.0,13018000.0
2015-06-09,80.5999984741211,81.19000244140625,79.31999969482422,80.66999816894531,16497500.0
2023-04-18,219.91000366210935,220.44000244140625,216.2100067138672,217.88999938964844,12281000.0
2017-03-14,139.4600067138672,139.4600067138672,138.52000427246094,139.32000732421875,12944000.0
2022-09-26,140.1199951171875,142.24000549316406,136.19000244140625,136.3699951171875,30497000.0
2018-04-18,166.8800048828125,168.1199951171875,165.77000427246094,166.36000061035156,20969600.0
2018-05-03,175.1300048828125,176.1199951171875,172.1199951171875,174.02000427246094,24026100.0
2017-07-18,159.66000366210938,163.72999572753906,159.4199981689453,162.86000061035156,23722900.0
2019-06-17,185.0099945068359,189.5,184.41000366210935,189.0099945068359,29459900.0
2024-01-09,356.3999938964844,360.6400146484375,355.3599853515625,357.42999267578125,13463900.0
2018-11-02,151.8000030517578,154.1300048828125,148.9600067138672,150.35000610351562,24708700.0
2018-08-10,182.0399932861328,182.1000061035156,179.4199981689453,180.2599945068359,21500400.0
2019-01-04,134.00999450683594,138.0,133.75,137.9499969482422,29002100.0
2015-10-14,94.08000183105467,95.1999969482422,93.61000061035156,94.06999969482422,19253400.0
2014-09-23,76.33000183105469,78.62999725341797,76.04000091552734,78.29000091552734,36814000.0
2024-05-24,467.6199951171875,479.8500061035156,466.2999877929687,478.2200012207031,12012300.0
2016-06-15,115.3000030517578,115.44000244140624,114.06999969482422,114.5999984741211,19819400.0
2021-06-17,330.489990234375,337.9800109863281,330.1499938964844,336.510009765625,17794100.0
2016-02-01,112.2699966430664,115.72000122070312,112.01000213623048,115.08999633789062,46132700.0
2014-07-03,66.86000061035156,67.0,65.76000213623047,66.29000091552734,25203200.0
2020-06-01,224.58999633789065,232.44000244140625,223.5,231.91000366210935,18223800.0
2021-09-27,349.80999755859375,355.1499938964844,347.0799865722656,353.5799865722656,15205800.0
2017-12-29,178.0,178.85000610351562,176.4600067138672,176.4600067138672,10261500.0
2021-03-15,269.0799865722656,275.9599914550781,268.5,273.75,16844800.0
2023-07-14,311.7900085449219,314.8800048828125,307.3599853515625,308.8699951171875,22576000.0
2014-03-20,68.01000213623047,68.2300033569336,66.81999969482422,66.97000122070312,44439000.0
2017-05-12,150.39999389648438,150.4600067138672,149.6300048828125,150.3300018310547,9598200.0
2018-03-27,156.30999755859375,162.85000610351562,150.75,152.22000122070312,79117000.0
2021-03-24,291.0,291.7200012207031,281.1600036621094,282.1400146484375,18675000.0
2020-09-02,298.8800048828125,303.6000061035156,293.04998779296875,302.5,24341400.0
2020-01-15,220.61000061035156,221.67999267578125,220.13999938964844,221.1499938964844,10036500.0
2012-10-31,20.81999969482422,21.5,20.729999542236328,21.11000061035156,99378200.0
2022-07-22,173.07000732421875,175.60000610351562,168.41000366210938,169.27000427246094,42583900.0
2019-03-18,163.57000732421875,163.89999389648438,159.27999877929688,160.47000122070312,37524200.0
2021-04-09,311.3999938964844,314.739990234375,310.3299865722656,312.4599914550781,15988600.0
2023-03-17,200.55999755859375,201.8999938964844,195.42999267578125,195.61000061035156,50141100.0
2023-05-02,243.17999267578125,244.9199981689453,238.9900054931641,239.2400054931641,24350100.0
2023-11-21,338.3299865722656,339.8999938964844,335.8999938964844,336.9800109863281,12027900.0
2014-01-28,54.02000045776367,55.279998779296875,54.0,55.13999938964844,48191200.0
2022-09-06,160.10000610351562,161.69000244140625,157.69000244140625,158.5399932861328,19339800.0
2024-03-15,489.010009765625,491.8299865722656,481.2999877929687,484.1000061035156,29141700.0
2024-10-28,582.0,583.75,574.1199951171875,578.1599731445312,10925100.0
2021-06-24,341.8500061035156,344.8999938964844,341.7900085449219,343.17999267578125,12329100.0
2024-05-13,472.75,473.3500061035156,462.8500061035156,468.010009765625,14668800.0
2013-08-30,42.02000045776367,42.2599983215332,41.060001373291016,41.290000915527344,67735100.0
2016-03-22,111.36000061035156,112.87999725341795,111.16999816894533,112.25,19001100.0
2013-06-25,24.13999938964844,24.43000030517578,24.040000915527344,24.25,24713200.0
2017-10-09,172.6999969482422,174.8800048828125,172.0,172.5,14570400.0
2020-02-12,207.8500061035156,211.22000122070312,207.3999938964844,210.7599945068359,13813700.0
2014-05-28,63.38999938964844,64.13999938964844,62.619998931884766,63.5099983215332,47795000.0
2019-03-19,161.47999572753906,163.82000732421875,160.82000732421875,161.57000732421875,25611500.0
2023-06-26,288.70001220703125,289.7900085449219,277.6000061035156,278.4700012207031,24232700.0
2020-10-13,277.5799865722656,279.1000061035156,273.3900146484375,276.1400146484375,18063300.0
2018-03-21,164.8000030517578,173.39999389648438,163.3000030517578,169.38999938964844,106598800.0
2013-04-04,26.6200008392334,27.229999542236328,26.11000061035156,27.06999969482422,82016800.0
2021-06-15,336.989990234375,339.9200134277344,335.0299987792969,336.75,15795200.0
2012-06-14,27.649999618530273,28.31999969482422,27.3799991607666,28.290000915527344,16855000.0
2014-11-05,76.51000213623047,76.80000305175781,74.41999816894531,74.83000183105469,35913000.0
2025-01-06,611.8300170898438,630.989990234375,605.6199951171875,630.2000122070312,14560800.0
2023-03-01,174.58999633789062,177.85000610351562,173.0500030517578,173.4199981689453,30998400.0
2023-08-30,297.1700134277344,298.2900085449219,293.42999267578125,295.1000061035156,17717000.0
2024-01-16,373.6499938964844,375.6099853515625,367.2300109863281,367.4599914550781,15306900.0
2019-07-12,199.67999267578125,205.3000030517578,199.16000366210935,204.8699951171875,15366300.0
2017-09-29,168.8300018310547,171.66000366210938,168.80999755859375,170.8699951171875,15340400.0
2013-05-24,24.969999313354492,24.969999313354492,24.079999923706055,24.309999465942383,58727900.0
2018-01-16,181.5,181.75,178.0399932861328,178.38999938964844,36183800.0
2016-01-26,97.76000213623048,97.87999725341795,95.66000366210938,97.33999633789062,26877100.0
2017-11-01,182.36000061035156,182.8999938964844,180.57000732421875,182.66000366210935,40918300.0
2014-08-12,73.08999633789062,73.33000183105469,72.22000122070312,72.83000183105469,27419000.0
2020-02-18,213.5500030517578,217.97999572753903,213.3999938964844,217.8000030517578,15609200.0
2017-08-18,166.83999633789062,168.6699981689453,166.2100067138672,167.41000366210938,15093600.0
2019-10-30,189.55999755859375,190.4499969482422,185.97999572753903,188.25,28734600.0
2018-07-23,210.5800018310547,211.6199951171875,208.8000030517578,210.91000366210935,16732000.0
2014-01-07,57.70000076293945,58.54999923706055,57.220001220703125,57.91999816894531,77207400.0
2019-07-29,199.0,199.6300048828125,195.3000030517578,195.94000244140625,16530800.0
2012-06-08,26.549999237060547,27.760000228881836,26.440000534057617,27.100000381469727,38034000.0
2015-07-13,88.66000366210938,90.22000122070312,88.41999816894531,90.0999984741211,29976700.0
2013-02-12,27.670000076293945,28.15999984741211,27.100000381469727,27.3700008392334,93498700.0
2017-03-09,137.72000122070312,138.57000732421875,137.39999389648438,138.24000549316406,15535300.0
2019-03-22,165.64999389648438,167.4199981689453,164.08999633789062,164.33999633789062,16389200.0
2013-02-28,26.84000015258789,27.299999237060547,26.34000015258789,27.25,83027800.0
2013-04-23,26.219999313354492,26.329999923706055,25.770000457763672,25.979999542236328,25191500.0
2024-11-29,569.0,578.4600219726562,566.9000244140625,574.3200073242188,7130500.0
2015-10-16,96.18000030517578,97.58999633789062,95.3499984741211,97.54000091552734,25412900.0
2017-10-13,173.4499969482422,174.64999389648438,173.1999969482422,173.74000549316406,13658300.0
2017-04-27,146.6699981689453,147.75,146.13999938964844,147.6999969482422,11275100.0
2020-01-31,208.42999267578125,208.69000244140625,201.05999755859375,201.91000366210935,31359900.0
2023-06-06,270.1400146484375,276.57000732421875,269.69000244140625,271.1199951171875,19419000.0
2019-01-25,147.47999572753906,149.8300018310547,146.5399932861328,149.00999450683594,22237200.0
2019-11-20,198.5800018310547,199.58999633789065,195.42999267578125,197.5099945068359,12355400.0
2012-06-06,26.06999969482422,27.170000076293945,25.520000457763672,26.809999465942383,61489200.0
2020-08-20,261.5,269.6300048828125,261.4599914550781,269.010009765625,20299700.0
2016-08-25,123.12000274658205,124.37000274658205,123.0999984741211,123.88999938964844,10730800.0
2023-07-25,295.19000244140625,298.29998779296875,291.8599853515625,294.4700012207031,19585600.0
2020-08-10,268.0400085449219,273.8599853515625,259.69000244140625,263.0,30248800.0
2025-01-24,636.4000244140625,652.0,634.2000122070312,647.489990234375,19042200.0
2013-01-14,32.08000183105469,32.209999084472656,30.6200008392334,30.950000762939453,98892800.0
2018-12-18,141.0800018310547,145.92999267578125,139.8300018310547,143.66000366210938,24709100.0
2016-03-16,110.48999786376952,112.5,110.0999984741211,112.18000030517578,24744800.0
2014-08-07,73.0,74.0,72.69999694824219,73.16999816894531,38141000.0
2014-12-17,75.01000213623047,76.41000366210938,74.9000015258789,76.11000061035156,29203900.0
2024-11-18,557.0399780273438,559.9000244140625,550.0900268554688,554.4000244140625,14346700.0
2014-08-19,74.80999755859375,75.58000183105469,74.51000213623047,75.29000091552734,26679000.0
2020-10-22,279.8699951171875,282.45001220703125,275.0400085449219,278.1199951171875,16720000.0
2023-10-02,302.739990234375,307.17999267578125,301.6300048828125,306.82000732421875,16265600.0
2012-11-09,19.959999084472656,20.0,19.1299991607666,19.209999084472656,42295500.0
2019-08-30,186.77999877929688,186.8000030517578,183.4600067138672,185.6699981689453,10774500.0
2017-01-19,128.22999572753906,128.35000610351562,127.4499969482422,127.5500030517578,12195500.0
2019-04-25,196.97999572753903,198.47999572753903,192.1199951171875,193.2599945068359,54148800.0
2012-11-30,27.260000228881836,28.0,26.760000228881836,28.0,127049600.0
2015-12-28,105.0199966430664,105.9800033569336,104.52999877929688,105.93000030517578,13069700.0
2023-08-24,298.5,299.4599914550781,286.6400146484375,286.75,18360900.0
2019-06-12,178.3800048828125,179.27000427246094,172.8800048828125,175.0399932861328,17699800.0
2014-09-12,78.0199966430664,78.30000305175781,77.0999984741211,77.4800033569336,26676800.0
2024-08-13,520.010009765625,531.5,518.1500244140625,528.5399780273438,13743800.0
2020-01-03,207.2100067138672,210.3999938964844,206.9499969482422,208.6699981689453,11188400.0
2022-01-25,299.95001220703125,306.2300109863281,297.5799865722656,300.1499938964844,25108500.0
2020-07-15,241.5500030517578,244.82000732421875,238.0500030517578,240.27999877929688,19133600.0
2014-01-22,58.849998474121094,59.310001373291016,57.099998474121094,57.5099983215332,61352900.0
2012-08-23,19.5,19.729999542236328,19.36000061035156,19.440000534057617,32813700.0
2020-09-17,258.2799987792969,261.5,250.19000244140625,254.82000732421875,31281400.0
2023-09-13,302.3599853515625,307.17999267578125,301.32000732421875,305.05999755859375,13210900.0
2023-02-27,171.8800048828125,173.1199951171875,169.05999755859375,169.5399932861328,19277000.0
2013-01-29,32.0,32.06999969482422,30.709999084472656,30.790000915527344,72976500.0
2022-10-03,137.13999938964844,139.6199951171875,136.10000610351562,138.61000061035156,27723100.0
2016-03-28,113.31999969482422,114.58999633789062,112.9499969482422,113.69000244140624,21351800.0
2016-05-24,116.23999786376952,117.7300033569336,116.12000274658205,117.6999969482422,20183600.0
2023-06-16,284.75,287.8500061035156,280.1300048828125,281.0,43102500.0
2022-04-01,224.5500030517578,227.27999877929688,222.6999969482422,224.8500061035156,19544800.0
2014-10-15,71.69000244140625,73.80000305175781,70.31999969482422,73.20999908447266,61528000.0
2013-09-30,50.13999938964844,51.599998474121094,49.79999923706055,50.22999954223633,100095000.0
2017-10-16,174.49000549316406,175.0,174.05999755859375,174.52000427246094,11498800.0
2020-06-11,229.94000244140625,232.88999938964844,223.5500030517578,224.42999267578125,26708200.0
2019-05-03,194.3800048828125,196.16000366210935,193.7100067138672,195.47000122070312,14575400.0
2019-09-26,181.3300018310547,181.3999938964844,177.6699981689453,180.11000061035156,16083300.0
2021-06-18,334.5299987792969,336.1499938964844,329.0,329.6600036621094,23039500.0
2023-05-03,239.47000122070312,241.75,232.75,237.02999877929688,34463900.0
2013-10-16,50.040000915527344,51.2400016784668,49.900001525878906,51.13999938964844,64678000.0
2022-01-28,295.6199951171875,301.8999938964844,293.0299987792969,301.7099914550781,21871600.0
2015-03-30,83.80999755859375,84.33999633789062,82.41000366210938,83.19999694824219,24527700.0
2016-10-03,128.3800048828125,129.08999633789062,127.8000030517578,128.77000427246094,13156900.0
2018-06-22,201.16000366210935,202.2400054931641,199.30999755859375,201.7400054931641,17420200.0
2015-09-21,94.62000274658205,96.48999786376952,94.5199966430664,95.5500030517578,28790000.0
2018-03-05,176.1999969482422,181.1499938964844,175.88999938964844,180.3999938964844,16189300.0
2017-08-11,167.9499969482422,168.82000732421875,166.85000610351562,168.0800018310547,13791200.0
2013-01-31,29.149999618530273,31.469999313354492,28.739999771118164,30.979999542236328,190744900.0
2015-01-09,78.19999694824219,78.62000274658203,77.19999694824219,77.73999786376953,21157000.0
2023-11-03,312.54998779296875,315.54998779296875,311.0199890136719,314.6000061035156,16754100.0
2024-09-24,566.6799926757812,567.75,554.1900024414062,563.3300170898438,12993000.0
2023-08-15,306.1400146484375,307.2300109863281,300.0299987792969,301.95001220703125,11623600.0
2023-10-25,310.0,310.8800048828125,298.8399963378906,299.5299987792969,42192500.0
2016-08-26,124.0500030517578,125.19000244140624,123.91000366210938,124.95999908447266,17504800.0
2018-02-09,174.75999450683594,176.89999389648438,167.17999267578125,176.11000061035156,39887600.0
2020-12-08,286.010009765625,286.42999267578125,281.54998779296875,283.3999938964844,10747700.0
2017-04-06,142.11000061035156,142.22000122070312,140.91000366210938,141.1699981689453,15103400.0
2019-02-13,165.3800048828125,166.22000122070312,163.72999572753906,164.07000732421875,14205100.0
2018-07-19,208.77000427246097,209.9900054931641,207.7599945068359,208.08999633789065,11350400.0
2021-07-21,341.5,346.5199890136719,341.25,346.2300109863281,9279700.0
2016-05-12,119.9800033569336,120.83999633789062,118.9000015258789,120.27999877929688,22035500.0
2016-05-19,117.0500030517578,117.48999786376952,115.87999725341795,116.80999755859376,20544100.0
2021-11-02,331.3800048828125,334.7900085449219,323.79998779296875,328.0799865722656,28353000.0
2019-07-22,199.91000366210935,202.57000732421875,198.80999755859375,202.32000732421875,13589000.0
2013-08-21,38.380001068115234,38.849998474121094,38.150001525878906,38.31999969482422,46116900.0
2019-08-14,185.8000030517578,185.9900054931641,179.30999755859375,179.7100067138672,18903700.0
2021-08-19,351.3500061035156,357.57000732421875,351.0,355.1199951171875,12004500.0
2024-10-11,584.8300170898438,591.2100219726562,582.7100219726562,589.9500122070312,8587100.0
2016-02-17,102.0199966430664,105.72000122070312,100.4000015258789,105.1999969482422,44073400.0
2013-06-12,24.15999984741211,24.260000228881836,23.579999923706055,23.770000457763672,26445800.0
2014-12-01,77.26000213623047,77.30999755859375,74.80000305175781,75.0999984741211,31789900.0
2020-05-29,225.1999969482422,227.4900054931641,222.8800048828125,225.08999633789065,23241500.0
2017-03-03,136.6300048828125,137.3300018310547,136.0800018310547,137.1699981689453,11160600.0
2012-09-21,22.969999313354492,23.239999771118164,22.600000381469727,22.86000061035156,51218100.0
2013-07-05,24.649999618530273,24.65999984741211,24.200000762939453,24.3700008392334,20229500.0
2018-01-26,187.75,190.0,186.80999755859375,190.0,17759200.0
2021-01-11,260.4800109863281,263.4700012207031,255.8999938964844,256.8399963378906,30412300.0
2024-09-13,520.3400268554688,527.5800170898438,517.1099853515625,524.6199951171875,10321400.0
2023-04-14,217.8800048828125,222.11000061035156,217.5500030517578,221.4900054931641,21591200.0
2016-04-12,109.33999633789062,111.16000366210938,108.98999786376952,110.61000061035156,26248100.0
2018-04-04,152.02999877929688,155.55999755859375,150.50999450683594,155.10000610351562,49885600.0
2020-02-28,182.6999969482422,192.7400054931641,181.82000732421875,192.47000122070312,32568900.0
2019-05-02,193.0,194.0,189.75,192.52999877929688,13209500.0
2023-07-05,287.6499938964844,298.1199951171875,286.3599853515625,294.3699951171875,33865500.0
2019-04-04,176.02000427246094,178.0,175.52999877929688,176.02000427246094,17847700.0
2014-08-01,72.22000122070312,73.22000122070312,71.55000305175781,72.36000061035156,43535000.0
2015-12-21,104.91000366210938,105.1500015258789,103.5999984741211,104.7699966430664,16138800.0
2013-07-08,24.469999313354492,25.040000915527344,24.420000076293945,24.709999084472656,27064600.0
2019-10-23,182.0099945068359,186.3800048828125,182.0,186.1499938964844,12300400.0
2023-07-07,292.17999267578125,296.20001220703125,288.6600036621094,290.5299987792969,25546200.0
2024-06-25,497.0499877929687,510.7099914550781,495.5,510.6000061035156,12109800.0
2014-11-21,74.5,74.5,73.5,73.75,23060400.0
2012-08-08,20.709999084472656,21.149999618530273,20.219999313354492,20.719999313354492,29537400.0
2019-11-07,191.91000366210935,193.44000244140625,189.47000122070312,190.4199981689453,13473000.0
2022-09-14,153.3300018310547,153.5399932861328,149.0500030517578,151.47000122070312,43064200.0
2023-12-05,318.9800109863281,321.8800048828125,315.3900146484375,318.2900085449219,16952100.0
2024-08-01,521.0,527.1699829101562,492.1000061035156,497.739990234375,43083100.0
2024-08-02,489.0,501.1499938964844,476.1499938964844,488.1400146484375,24044700.0
2022-06-15,167.1999969482422,172.16000366210938,163.97999572753906,169.35000610351562,30008300.0
2018-03-02,173.2899932861328,177.11000061035156,172.99000549316406,176.6199951171875,20025900.0
2016-06-20,113.7699966430664,114.72000122070312,112.75,113.37000274658205,20785400.0
2020-07-24,230.19000244140625,233.4900054931641,226.8999938964844,230.7100067138672,18325800.0
2020-10-05,262.20001220703125,264.8699951171875,260.8399963378906,264.6499938964844,12822300.0
2022-06-09,194.27999877929688,199.4499969482422,183.67999267578125,184.0,23501600.0
2023-03-07,189.0,190.36000061035156,184.0099945068359,184.5099945068359,36701500.0
2022-05-10,199.5099945068359,202.9600067138672,194.19000244140625,197.6499938964844,34452500.0
2021-07-28,374.55999755859375,377.5499877929687,366.9299926757813,373.2799987792969,29676900.0
2013-03-01,27.049999237060547,28.1200008392334,26.809999465942383,27.780000686645508,54064800.0
2015-06-01,79.30000305175781,80.37999725341797,78.66000366210938,80.29000091552734,18119000.0
2023-05-04,236.05999755859375,238.1999969482422,232.92999267578125,233.52000427246097,17889400.0
2018-09-28,168.3300018310547,168.7899932861328,162.55999755859375,164.4600067138672,34265600.0
2016-09-22,130.5,130.72999572753906,129.55999755859375,130.0800018310547,15538300.0
2022-08-26,168.47999572753906,170.9199981689453,161.6699981689453,161.77999877929688,24023600.0
2018-10-17,159.55999755859375,160.49000549316406,157.9499969482422,159.4199981689453,17592000.0
2018-08-14,180.7100067138672,181.9900054931641,178.6199951171875,181.11000061035156,19102000.0
2016-05-18,116.8000030517578,118.2699966430664,116.7300033569336,117.6500015258789,21642300.0
2023-08-17,293.04998779296875,296.04998779296875,284.95001220703125,285.0899963378906,23950100.0
2019-07-17,204.17999267578125,204.36000061035156,201.58999633789065,201.8000030517578,12083700.0
2012-12-27,26.549999237060547,26.799999237060547,25.520000457763672,26.049999237060547,43481700.0
2015-06-22,83.41000366210938,84.97000122070312,83.30999755859375,84.73999786376953,29383100.0
2014-12-15,78.45999908447266,78.58000183105469,76.55999755859375,76.98999786376953,29396500.0
2021-06-29,356.2699890136719,356.739990234375,349.04998779296875,351.8900146484375,21417300.0
2023-10-18,321.3900146484375,325.94000244140625,315.55999755859375,316.9700012207031,16851000.0
2024-10-10,587.5700073242188,590.22998046875,582.52001953125,583.8300170898438,7740400.0
2015-05-08,79.0999984741211,79.2300033569336,78.02999877929688,78.51000213623047,19943600.0
2021-02-08,268.75,269.8599853515625,265.0,266.5799865722656,13755200.0
2024-05-20,469.9500122070313,473.2000122070313,467.0400085449219,468.8399963378906,11745100.0
2020-10-20,263.05999755859375,269.70001220703125,262.8800048828125,267.55999755859375,18763200.0
2012-10-25,23.290000915527344,23.309999465942383,22.469999313354492,22.559999465942383,76142000.0
2019-07-08,195.19000244140625,196.67999267578125,193.63999938964844,195.7599945068359,9723900.0
2019-05-23,182.4199981689453,183.8999938964844,179.6699981689453,180.8699951171875,12768800.0
2023-08-29,288.5799865722656,299.1499938964844,288.17999267578125,297.989990234375,20844500.0
2021-09-21,358.5,360.0400085449219,355.19000244140625,357.4800109863281,11751900.0
2022-10-18,137.08999633789062,137.83999633789062,131.39999389648438,132.8000030517578,25445000.0
2012-10-12,19.75,19.799999237060547,19.479999542236328,19.520000457763672,18809400.0
2018-03-06,181.77999877929688,182.3800048828125,179.11000061035156,179.77999877929688,15086800.0
2021-01-06,262.0,267.75,260.010009765625,263.30999755859375,24354100.0
2023-12-14,333.8500061035156,334.70001220703125,328.6400146484375,333.1700134277344,19607300.0
2012-07-27,23.190000534057617,24.540000915527344,22.280000686645508,23.709999084472656,123102300.0
2013-02-01,31.010000228881836,31.020000457763672,29.6299991607666,29.729999542236328,85856700.0
2018-01-11,188.3999938964844,188.3999938964844,187.3800048828125,187.77000427246097,9588600.0
2012-10-16,19.68000030517578,19.690000534057617,19.299999237060547,19.479999542236328,21834700.0
2021-01-04,274.7799987792969,275.0,265.20001220703125,268.94000244140625,15106100.0
2022-09-07,157.75999450683594,160.9600067138672,156.80999755859375,160.38999938964844,16831200.0
2017-10-19,174.92999267578125,176.02999877929688,172.6300048828125,174.55999755859375,14048400.0
2018-10-15,153.32000732421875,155.57000732421875,152.5500030517578,153.52000427246094,15433500.0
2024-07-23,489.8399963378906,495.2200012207031,487.7200012207031,488.69000244140625,9455500.0
2013-04-17,26.649999618530273,27.200000762939453,26.38999938964844,26.6299991607666,26440600.0
2013-08-20,38.349998474121094,38.58000183105469,37.689998626708984,38.40999984741211,57995200.0
2023-04-27,239.88999938964844,241.69000244140625,236.77000427246097,238.55999755859375,71196500.0
2024-03-06,497.6300048828125,502.9700012207031,494.2900085449219,496.0899963378906,11757900.0
2014-12-10,76.6500015258789,77.55000305175781,76.06999969482422,76.18000030517578,32210500.0
2024-12-10,617.5599975585938,625.5900268554688,612.739990234375,619.3200073242188,10938900.0
2020-10-07,259.2099914550781,260.17999267578125,254.82000732421875,258.1199951171875,23133400.0
2023-02-28,171.89999389648438,177.5500030517578,171.8699951171875,174.94000244140625,46051100.0
2015-10-15,94.98999786376952,96.3000030517578,94.9000015258789,95.95999908447266,27557500.0
2022-02-02,327.82000732421875,328.0,316.8699951171875,323.0,58458300.0
2013-11-07,49.2400016784668,49.869998931884766,47.29999923706055,47.560001373291016,97128000.0
2020-07-06,233.7599945068359,240.3999938964844,232.27000427246097,240.27999877929688,26206200.0
2018-09-11,163.94000244140625,167.19000244140625,163.72000122070312,165.94000244140625,20457100.0
2019-01-03,134.69000244140625,137.1699981689453,131.1199951171875,131.74000549316406,22717900.0
2016-11-03,122.0,123.27999877929688,119.5,120.0,63766300.0
2017-03-27,139.0500030517578,140.64999389648438,138.77000427246094,140.32000732421875,12800500.0
2018-02-16,178.99000549316406,179.8800048828125,176.3000030517578,177.36000061035156,20645300.0
2019-11-11,189.92999267578125,190.0800018310547,188.5399932861328,189.61000061035156,8631200.0
2023-02-08,190.0,190.8300018310547,182.9199981689453,183.42999267578125,36139100.0
2016-02-18,105.8000030517578,106.0,103.02999877929688,103.47000122070312,29593500.0
2022-11-09,101.72000122070312,104.9000015258789,100.73999786376952,101.47000122070312,107677300.0
2016-08-03,123.08999633789062,123.91999816894533,122.30999755859376,122.51000213623048,18525300.0
2021-10-22,326.3500061035156,329.6300048828125,321.1099853515625,324.6099853515625,35224500.0
2025-01-15,610.2100219726562,622.4600219726562,606.5,617.1199951171875,15524300.0
2019-08-27,181.92999267578125,184.0399932861328,181.0099945068359,181.3000030517578,14399600.0
2018-05-09,179.6699981689453,183.0099945068359,178.77999877929688,182.66000366210935,23282800.0
2020-09-03,295.989990234375,297.6000061035156,283.6300048828125,291.1199951171875,32294100.0
2020-05-05,207.02000427246097,210.3800048828125,206.5,207.07000732421875,21071200.0
2014-10-07,77.05000305175781,77.94999694824219,76.23999786376953,76.29000091552734,25317000.0
2018-12-10,139.60000610351562,143.0500030517578,139.00999450683594,141.85000610351562,26422200.0
2024-04-15,516.719970703125,518.530029296875,497.2799987792969,500.2300109863281,13512900.0
2015-11-18,105.8000030517578,107.87999725341795,105.38999938964844,107.7699966430664,23836500.0
2021-02-22,257.95001220703125,263.07000732421875,257.5299987792969,260.3299865722656,17434900.0
2022-11-01,94.33000183105467,97.48999786376952,93.5500030517578,95.1999969482422,110189600.0
2015-02-25,78.5,80.19999694824219,78.5,79.55999755859375,25593800.0
2015-06-30,86.5999984741211,86.69999694824219,85.56999969482422,85.7699966430664,23016500.0
2024-12-04,612.9600219726562,617.780029296875,605.0999755859375,613.780029296875,14697000.0
2014-08-28,74.0,74.43000030517578,73.7300033569336,73.86000061035156,21947000.0
2017-04-24,144.9600067138672,145.6699981689453,144.33999633789062,145.47000122070312,14407200.0
2024-08-15,531.7899780273438,539.77001953125,526.7000122070312,537.3300170898438,13482100.0
2013-06-05,23.350000381469727,23.709999084472656,22.790000915527344,22.899999618530273,53819700.0
2012-12-14,28.18000030517578,28.329999923706055,26.760000228881836,26.809999465942383,91631600.0
2022-09-19,145.24000549316406,148.5800018310547,145.10000610351562,148.02000427246094,22169500.0
2013-04-05,26.86000061035156,27.799999237060547,26.61000061035156,27.38999938964844,64566600.0
2022-12-09,115.3000030517578,117.54000091552734,113.87000274658205,115.9000015258789,26033400.0
2023-03-22,202.5,207.3699951171875,199.6699981689453,199.80999755859375,28477800.0
2013-07-25,33.540000915527344,34.880001068115234,32.75,34.36000061035156,365457900.0
2023-11-13,326.20001220703125,332.3299865722656,325.70001220703125,329.19000244140625,16908900.0
2018-12-13,145.57000732421875,145.85000610351562,143.19000244140625,145.00999450683594,18148600.0
2013-05-03,29.040000915527344,29.06999969482422,28.149999618530273,28.309999465942383,58506400.0
2024-07-08,542.3499755859375,542.8099975585938,526.6500244140625,529.3200073242188,14917500.0
2016-11-04,119.58999633789062,121.93000030517578,119.25,120.75,30545500.0
2018-03-29,155.14999389648438,161.4199981689453,154.13999938964844,159.7899932861328,59434300.0
2024-11-20,562.9299926757812,566.3499755859375,554.2000122070312,565.52001953125,9797300.0
2023-05-10,236.1699981689453,236.75,230.72000122070312,233.0800018310547,19119000.0
2018-05-18,183.4900054931641,184.19000244140625,182.61000061035156,182.67999267578125,13130500.0
2024-07-09,533.75,537.47998046875,528.1900024414062,530.0,8753200.0
2022-02-16,212.41000366210935,217.4600067138672,212.36000061035156,216.5399932861328,45817500.0
2016-09-09,129.7100067138672,129.9499969482422,127.0999984741211,127.0999984741211,27100700.0
2017-08-21,167.16000366210938,168.0,165.82000732421875,167.77999877929688,11907500.0
2022-06-07,191.92999267578125,196.52999877929688,191.4900054931641,195.6499938964844,18828700.0
2018-09-07,160.30999755859375,164.6300048828125,160.16000366210938,163.0399932861328,24300600.0
2015-01-16,74.04000091552734,75.31999969482422,73.83999633789062,75.18000030517578,21791500.0
2020-07-14,236.7599945068359,240.3300018310547,232.02999877929688,239.72999572753903,23378100.0
2016-02-16,103.8000030517578,103.93000030517578,100.23999786376952,101.61000061035156,45687200.0
2014-05-08,57.22999954223633,58.81999969482422,56.5,56.7599983215332,61251000.0
2018-10-16,155.39999389648438,159.4600067138672,155.00999450683594,158.77999877929688,19180100.0
2014-10-06,77.19000244140625,77.88999938964844,76.8499984741211,77.55999755859375,25729000.0
2021-06-03,325.7799987792969,327.3800048828125,323.4800109863281,326.0400085449219,12610800.0
2017-12-08,181.52999877929688,182.27999877929688,178.74000549316406,179.0,19883800.0
2021-11-16,343.8299865722656,346.6499938964844,340.8699951171875,342.9599914550781,18181100.0
2021-10-19,339.6499938964844,342.4599914550781,337.2799987792969,339.989990234375,18786300.0
2020-02-03,203.44000244140625,205.13999938964844,202.5,204.19000244140625,15495600.0
